0.8198401927947998,0.266076030901193,0.20952908141380053,0,0
0.9197237491607666,0.2556549859482165,0.20389465643023308,0,0
0.9395890235900879,0.24599668179858955,0.20389465643023308,0,0
0.9531478881835938,0.28041934451635175,0.20389465643023308,0,0
0.9657988548278809,0.2556549859482165,0.20112045020462446,0,0
0.9808306694030762,0.24599668179858955,0.1961161287279278,0,0
1.0198924541473389,0.25298220269418226,0.22880215018258246,0,0
1.0544846057891846,0.24361275918343508,0.22880215018258246,0,0
1.0830798149108887,0.20742878999020503,0.19476823562591417,0,0
1.111384391784668,0.24599668179858955,0.1961161287279278,0,0
1.1629705429077148,0.24599668179858955,0.22880215018258246,0,0
1.1903374195098877,0.2854131532560615,0.22880215018258246,0,0
1.2245888710021973,0.2854131532560615,0.2614881716372371,0,0
1.2553033828735352,0.2876437694704673,0.2517267022902292,0,0
1.286653995513916,0.3114550886933281,0.2596909808345522,0,0
1.3204166889190674,0.3227025555397162,0.28319254007650785,0,0
1.3695836067199707,0.3555340840307798,0.28319254007650785,0,0
1.403595209121704,0.31115425286437703,0.28319254007650785,0,0
1.4369370937347412,0.3202000659007359,0.24253561768339205,0,0
1.4626789093017578,0.30890909617737555,0.28319254007650785,0,0
1.4932374954223633,0.33333332128164167,0.3139053666478518,0,0
1.5285866260528564,0.31115425286437703,0.27475312150500086,0,0
1.5611755847930908,0.33777796164253454,0.30714754898301366,0,0
1.5958397388458252,0.33541018476642764,0.3358093707283344,0,0
1.622255563735962,0.3585439457683079,0.337862303881315,0,0
1.6383695602416992,0.367061616528095,0.30875375101433106,0,0
1.6702842712402344,0.3483583652444289,0.3396291261157642,0,0
1.707252025604248,0.3240640303126746,0.30714754898301366,0,0
1.7700023651123047,0.3382475920897869,0.2996107498793295,0,0
1.8032963275909424,0.3497898408803899,0.2996107498793295,0,0
1.8377656936645508,0.3462830969664285,0.30875375101433106,0,0
1.8639183044433594,0.3391817214045908,0.3396291261157642,0,0
1.894881010055542,0.3057929769175136,0.3100868268576369,0,0
1.929502010345459,0.32743928896870755,0.3100868268576369,0,0
1.9380104541778564,0.32743928896870755,0.3100868268576369,0,0
1.9792428016662598,0.30460383975984584,0.3100868268576369,0,0
2.010831594467163,0.3172973868200682,0.3032909865113411,0,0
2.040081024169922,0.32351693262760983,0.31113568596298574,0,0
2.0720527172088623,0.3185332138031722,0.31268749452201355,0,0
2.1029601097106934,0.31806808840946904,0.28242969388731226,0,0
2.1691489219665527,0.30888968622593094,0.3118914210482765,0,0
2.1987292766571045,0.31806808840946904,0.34308056315310415,0,0
2.2314155101776123,0.31806808840946904,0.33272282214635335,0,0
2.252702474594116,0.308465484134894,0.3118914210482765,0,0
2.286027431488037,0.31806808840946904,0.3024752928603212,0,0
2.3120744228363037,0.21926449802765388,0.18424155902541217,0,0
2.3449597358703613,0.15811387810551575,0.18424155902541217,0,0
2.3779027462005615,0.1886184531548705,0.18424155902541217,0,0
2.408689498901367,0.19677948580038288,0.22054053881714503,0,0
2.4415009021759033,0.2190063880785276,0.2120238800633658,0,0
2.4726223945617676,0.2565690594248793,0.24198023428825696,0,0
2.5044097900390625,0.27327867481403906,0.24386337735319974,0,0
2.5925445556640625,0.2782327701410556,0.24386337735319974,0,0
2.608473777770996,0.24159696871496172,0.24198023428825696,0,0
2.6214795112609863,0.2701136226022722,0.27222776357428907,0,0
2.6473522186279297,0.2903080492081682,0.26587525462399564,0,0
2.6830010414123535,0.2624531989777386,0.2642490910229961,0,0
2.7104485034942627,0.2908979869044239,0.2866716413842487,0,0
2.7450709342956543,0.2908979869044239,0.2866716413842487,0,0
2.779832124710083,0.2908979869044239,0.2642490910229961,0,0
2.805433511734009,0.2752208864421335,0.2773500904203071,0,0
2.8391926288604736,0.28230034037867535,0.3050850994623378,0,0
2.8870656490325928,0.28284270462997385,0.2787333912230719,0,0
2.9224584102630615,0.3470203183503102,0.29754680746406653,0,0
2.955005645751953,0.31827125328425454,0.28122048872116023,0,0
2.987302303314209,0.32430295653472996,0.26907909116684314,0,0
3.024061918258667,0.3134469988829825,0.2616083155632524,0,0
3.0554468631744385,0.3287979640098427,0.2686807503346372,0,0
3.087597608566284,0.3726779838273655,0.29291434310033126,0,0
3.1194519996643066,0.346547423261154,0.27196413999462504,0,0
3.1473641395568848,0.31772647325475456,0.2542369306650026,0,0
3.192685604095459,0.3808745047004399,0.27196413999462504,0,0
3.2248995304107666,0.3808745047004399,0.27196413999462504,0,0
3.2635297775268555,0.3726779838273655,0.2686807503346372,0,0
3.2894158363342285,0.3681786883002858,0.27196413999462504,0,0
3.3222665786743164,0.37247111288641194,0.29531800505550027,0,0
3.3616130352020264,0.37247111288641194,0.2681260335633727,0,0
3.3877034187316895,0.3599078637885032,0.27476361794992354,0,0
3.4197564125061035,0.3599078637885032,0.2681260335633727,0,0
3.45500111579895,0.3599078637885032,0.2681260335633727,0,0
3.482485294342041,0.34786027201963166,0.2674178491296828,0,0
3.527280330657959,0.3077623478778239,0.2681260335633727,0,0
3.5635406970977783,0.36713828470697185,0.29053049371249795,0,0
3.5910935401916504,0.38535418172882485,0.29053049371249795,0,0
3.6253693103790283,0.38535418172882485,0.3064129312919486,0,0
3.655271053314209,0.39693726082717296,0.3064129312919486,0,0
3.69393253326416,0.38535418172882485,0.3064129312919486,0,0
3.7216286659240723,0.35642477350137025,0.2837109287766119,0,0
3.755082130432129,0.34533846527479417,0.2837109287766119,0,0
3.7906012535095215,0.34631656522592447,0.26006835137856094,0,0
3.839625597000122,0.3553587709679903,0.2837109287766119,0,0
3.8657643795013428,0.31737236155182924,0.26114080273826507,0,0
3.9029083251953125,0.28844409387868813,0.26006835137856094,0,0
3.934171438217163,0.3004208759906075,0.26006835137856094,0,0
3.9670305252075195,0.2926028603325596,0.26006835137856094,0,0
3.995105504989624,0.3183863340467956,0.26006835137856094,0,0
4.026396989822388,0.2991154580533546,0.28541315718743104,0,0
4.063422441482544,0.32449865187238774,0.28442727114241345,0,0
4.090033054351807,0.3332123541722172,0.27816289510252784,0,0
4.1036622524261475,0.32772248342737853,0.27787010035417736,0,0
4.169080495834351,0.2933068379675576,0.27883325783611107,0,0
4.201118230819702,0.2991154580533546,0.27787010035417736,0,0
4.233219623565674,0.2991154580533546,0.27883325783611107,0,0
4.264226675033569,0.2933068379675576,0.27883325783611107,0,0
4.296536207199097,0.31622775793231733,0.27883325783611107,0,0
4.330333948135376,0.3183863340467956,0.30118938200830964,0,0
4.367730140686035,0.31915234453009433,0.295110419999091,0,0
4.39298152923584,0.31915234453009433,0.30191523776047574,0,0
4.409075975418091,0.32449865187238774,0.30118938200830964,0,0
4.441879034042358,0.31622775793231733,0.30118938200830964,0,0
4.473852634429932,0.3155068339367035,0.30118938200830964,0,0
4.505774021148682,0.3155068339367035,0.27254868101427726,0,0
4.576260805130005,0.2926028603325596,0.25514972937259905,0,0
4.605192422866821,0.3004208759906075,0.249999994341516,0,0
4.639174222946167,0.3063431876841822,0.2504494617445176,0,0
4.669517755508423,0.3063431876841822,0.24490882315002308,0,0
4.697760820388794,0.32430295653472996,0.2507719982027721,0,0
4.744352579116821,0.33455432850924116,0.2762040121535619,0,0
4.766957759857178,0.338642720482106,0.28261365252110254,0,0
4.776288270950317,0.34516752100061693,0.275848765696724,0,0
4.806946277618408,0.36848311805082434,0.2762040121535619,0,0
4.840006589889526,0.34516752100061693,0.2762040121535619,0,0
4.875074625015259,0.338642720482106,0.27339031556981985,0,0
4.908581018447876,0.3604686138333207,0.25351005753345035,0,0
4.967348575592041,0.3044019461920399,0.2507719982027721,0,0
5.00062108039856,0.3134469988829825,0.2557646311911619,0,0
5.055459022521973,0.29942472701675843,0.23315128961733086,0,0
5.06717324256897,0.29942472701675843,0.2562459738341498,0,0
5.08968448638916,0.2782327701410556,0.21536036843314907,0,0
5.112101793289185,0.2577800680379252,0.21536036843314907,0,0
5.145376443862915,0.3189180152684953,0.2562459738341498,0,0
5.18066930770874,0.2860902746670028,0.26231645661225855,0,0
5.206787586212158,0.28230034037867535,0.2390119120783301,0,0
5.240119218826294,0.30949222172777646,0.26231645661225855,0,0
5.279345989227295,0.2747211204967694,0.24446535685441592,0,0
5.304370880126953,0.28154624541284107,0.24325212178810035,0,0
5.3605194091796875,0.27402599999299704,0.26907909116684314,0,0
5.389634132385254,0.3004208759906075,0.23867465791513642,0,0
5.418140649795532,0.3004208759906075,0.26231645661225855,0,0
5.45569109916687,0.3011829522558804,0.28597602350480283,0,0
5.484193801879883,0.3011829522558804,0.26231645661225855,0,0
5.514944314956665,0.2933068379675576,0.2923095937892649,0,0
5.545542478561401,0.30714755014284356,0.2923095937892649,0,0
5.576051473617554,0.32449865187238774,0.28541315718743104,0,0
5.607584714889526,0.3011829522558804,0.29291434310033126,0,0
5.64398980140686,0.30173085691857804,0.29291434310033126,0,1
5.689706325531006,0.30770630545618033,0.28541315718743104,0,1
5.723169565200806,0.30173085691857804,0.28597602350480283,0,1
5.755092620849609,0.25453208400634497,0.24843724608449957,1,1
5.789905071258545,0.14816566623607044,0.15806449161875766,1,1
5.816254138946533,0.14816566623607044,0.15421158089501813,1,1
5.8547139167785645,0.17401175010337516,0.14831594926365863,1,1
5.887065649032593,0.17888543314033908,0.15806449161875766,1,1
5.915624618530273,0.17953291921158973,0.15421158089501813,1,1
5.94256329536438,0.17888543314033908,0.15806449161875766,1,1
5.992704629898071,0.19042341693109754,0.15806449161875766,1,0
6.03054404258728,0.15231545780914643,0.15421158089501813,1,0
6.0629918575286865,0.18519929425883788,0.15806449161875766,1,0
6.094391107559204,0.20030256652275405,0.17226023644090932,1,0
6.121441602706909,0.20030256652275405,0.1765561334782159,1,0
6.1567933559417725,0.20030256652275405,0.1765561334782159,1,0
6.190333843231201,0.20098840571759333,0.20130496454238492,1,0
6.220047950744629,0.22766041691714975,0.22610217150835868,1,0
6.253015995025635,0.26261285844984156,0.22060073902013996,1,0
6.294323444366455,0.22766041691714975,0.22027416484603568,1,0
6.326058626174927,0.25066959441335684,0.22060073902013996,1,0
6.363536834716797,0.27402599999299704,0.22027416484603568,1,0
6.3900675773620605,0.25066959441335684,0.22060073902013996,1,0
6.423729419708252,0.2483618249572711,0.21925148636909703,1,0
6.460482835769653,0.2483618249572711,0.2505432196001262,1,0
6.490225791931152,0.2732353021460104,0.2757894968555135,1,0
6.51899528503418,0.26689487253191985,0.24968807848504734,1,0
6.55528450012207,0.23570225436966996,0.23046637797757358,1,0
6.604380130767822,0.2773500912324056,0.2556549897465093,1,0
6.629993677139282,0.2601235814284412,0.28122048872116023,1,0
6.669227838516235,0.27812134276271355,0.28122048872116023,1,0
6.694364070892334,0.2908270053123482,0.2556549897465093,1,0
6.728701114654541,0.253685696170896,0.26234161118439,1,0
6.764907121658325,0.2601235814284412,0.2636500562647576,1,0
6.792671203613281,0.26071795629296285,0.288575772302829,1,0
6.825236558914185,0.2542369306650026,0.2560737533084151,1,0
6.863794326782227,0.26071795629296285,0.2556549897465093,1,0
6.905229091644287,0.26071795629296285,0.2556549897465093,1,0
6.920935153961182,0.2601235814284412,0.2556549897465093,1,0
6.968176603317261,0.2663031503477164,0.2816811286392566,1,0
7.002779006958008,0.26071795629296285,0.26234161118439,1,0
7.030317306518555,0.26071795629296285,0.288575772302829,1,0
7.06978702545166,0.2601235814284412,0.2556549897465093,1,0
7.103645086288452,0.2601235814284412,0.2556549897465093,1,0
7.12998366355896,0.26071795629296285,0.288575772302829,1,0
7.164132833480835,0.28583096793010326,0.2816811286392566,1,0
7.209324598312378,0.28583096793010326,0.2816811286392566,1,0
7.225430488586426,0.26071795629296285,0.2816811286392566,1,0
7.247731685638428,0.29149153661294197,0.2823801657595503,1,0
7.274334907531738,0.27872567355468214,0.28122048872116023,1,0
7.305710554122925,0.28583096793010326,0.28122048872116023,1,0
7.368879079818726,0.29149153661294197,0.2823801657595503,1,0
7.406909465789795,0.26691164534859413,0.2636500562647576,1,0
7.434570789337158,0.2601235814284412,0.2556549897465093,1,0
7.4663496017456055,0.2601235814284412,0.26234161118439,1,0
7.50272011756897,0.26071795629296285,0.2816811286392566,1,0
7.512928009033203,0.26071795629296285,0.2816811286392566,1,0
7.54560399055481,0.26071795629296285,0.2902656356135007,1,0
7.579155445098877,0.26071795629296285,0.2902656356135007,1,0
7.605310916900635,0.26691164534859413,0.28284270523175953,1,0
7.639082193374634,0.28583096793010326,0.2823801657595503,1,0
7.6726179122924805,0.29149153661294197,0.2823801657595503,1,0
7.703186511993408,0.29149153661294197,0.28122048872116023,1,0
7.76925802230835,0.23516490934940218,0.2560737533084151,1,0
7.806022882461548,0.2601235814284412,0.26234161118439,1,0
7.815501689910889,0.2663031503477164,0.2569300848871355,1,0
7.8492395877838135,0.253685696170896,0.28122048872116023,1,0
7.8823933601379395,0.27812134276271355,0.2636500562647576,1,0
7.9139509201049805,0.253685696170896,0.2627941587077412,1,0
7.945093631744385,0.2602766546540465,0.28122048872116023,1,0
7.977915048599243,0.2542369306650026,0.2897657805362159,1,0
8.016199350357056,0.27872567355468214,0.28122048872116023,1,0
8.0467369556427,0.24806946314407444,0.2816811286392566,1,0
8.074169635772705,0.2791597583319343,0.2902656356135007,1,0
8.106138706207275,0.28468821102887576,0.2816811286392566,1,0
8.161517143249512,0.2791597583319343,0.2576044432079085,1,0
8.192814826965332,0.2791597583319343,0.2902656356135007,1,0
8.217830181121826,0.29196900053515396,0.28284270523175953,1,0
8.255377054214478,0.26092612952068917,0.28658118171547187,1,0
8.287242889404297,0.25487133445684,0.28658118171547187,1,0
8.311323642730713,0.27942118472106936,0.28658118171547187,1,0
8.343449831008911,0.28658118171547187,0.2831213223060281,1,1
8.37549901008606,0.28658118171547187,0.29056679318505696,1,1
8.412791013717651,0.28658118171547187,0.2643788760361776,1,1
8.462858438491821,0.26140225655028115,0.2902656356135007,2,1
8.492757320404053,0.26140225655028115,0.2576044432079085,2,1
8.521723508834839,0.21670561482946962,0.24465079473479984,2,1
8.560520887374878,0.1802525255943645,0.1709339229568334,2,1
8.592917919158936,0.1802525255943645,0.1600726939533033,2,1
8.62258505821228,0.15707781014020558,0.16637806178468584,2,1
8.646636486053467,0.18070977135352823,0.16643566194476572,2,1
8.679301977157593,0.15707781014020558,0.14171485961630642,2,1
8.712568759918213,0.15707781014020558,0.16643566194476572,2,1
8.766925573348999,0.14127528119971405,0.13808114536034252,2,1
8.793128252029419,0.14127528119971405,0.13808114536034252,2,1
8.824374675750732,0.157363562251796,0.16643566194476572,2,0
8.861107349395752,0.157363562251796,0.14171485961630642,2,0
8.893235445022583,0.15707781014020558,0.14166581484726945,2,0
8.921869277954102,0.1453328260370041,0.16643566194476572,2,0
8.955910682678223,0.14506892020436268,0.14171485961630642,2,0
8.983752489089966,0.15707781014020558,0.14171485961630642,2,0
9.018612384796143,0.14907119437342303,0.16643566194476572,2,0
9.062958717346191,0.14506892020436268,0.15591701965846175,2,0
9.095744371414185,0.20152673413579136,0.18200274268194438,2,0
9.129850387573242,0.22360679154824242,0.19664042808922247,2,0
9.169097423553467,0.29125368051020406,0.24511891160980437,2,0
9.193472862243652,0.2941176384083048,0.23921495210338298,2,0
9.23125147819519,0.3045416762599762,0.23716369279120644,2,0
9.263346195220947,0.2685927392282188,0.21945076425934393,2,0
9.29452633857727,0.26903184436869704,0.2083903301689561,2,0
9.321547269821167,0.3222326139834779,0.25456590862453177,2,0
9.370320796966553,0.4799999808000007,0.3250199640774296,2,0
9.40836215019226,0.43964840426570306,0.29663189852731725,2,0
9.434203863143921,0.49827285843278546,0.29663189852731725,2,0
9.469907999038696,0.43859870506781934,0.2923526656061209,2,0
9.503202199935913,0.4566694551886456,0.3092329141905017,2,0
9.537017583847046,0.45675012023005335,0.28504384914868824,2,0
9.564499855041504,0.4163054297907915,0.2922566075591342,2,0
9.594949960708618,0.418381778979473,0.2922566075591342,2,0
9.626445531845093,0.4245076923102852,0.3088470963154088,2,0
9.656975030899048,0.4227643268650953,0.3037586576142014,2,0
9.66933798789978,0.38653366286873947,0.3167457398516866,2,0
9.704149961471558,0.4230769068047343,0.3115271663234514,2,0
9.769007444381714,0.3862480820037368,0.28284270523175953,2,0
9.802009105682373,0.3862480820037368,0.2757894968555135,2,0
9.83522343635559,0.37037035665294976,0.3037586576142014,2,0
9.866342067718506,0.3862480820037368,0.2509334132851397,2,0
9.896750211715698,0.37037035665294976,0.3115271663234514,2,0
9.929852962493896,0.3480267093117139,0.26140225655028115,2,0
9.963423728942871,0.37221760181123287,0.30066426122746115,2,0
9.986594438552856,0.3331049322601557,0.28658118171547187,2,0
10.008896827697754,0.37037035665294976,0.2862991598255639,2,0
10.041612148284912,0.4071282505401903,0.28284270523175953,2,0
10.072143316268921,0.3589241165070276,0.2576044432079085,2,0
10.109095573425293,0.3331049322601557,0.2644704041223812,2,0
10.169332027435303,0.32418952570746334,0.24999999375000018,2,0
10.200677156448364,0.32402098422726244,0.24999999375000018,2,0
10.239130973815918,0.2811127626190034,0.25632600135520595,2,0
10.272605657577515,0.24198023428825696,0.21209124591846476,2,0
10.282052993774414,0.24198023428825696,0.23821713174878695,2,0
10.3133065700531,0.24198023428825696,0.2161372849439038,2,0
10.34352707862854,0.27222776357428907,0.24990359822408958,2,0
10.37533950805664,0.23488808090932986,0.22386524678998374,2,0
10.407037019729614,0.27390302716211157,0.24990359822408958,2,0
10.446770906448364,0.27222776357428907,0.2586197447263342,2,0
10.472660303115845,0.2742796989222904,0.257037957748947,2,0
10.505335092544556,0.2647058745674743,0.26459145663829675,2,0
10.571460247039795,0.2647058745674743,0.2642490910229961,2,0
10.586493492126465,0.26621972712450703,0.26459145663829675,2,0
10.616953134536743,0.2371252209168626,0.23488808090932986,2,0
10.65564489364624,0.2941176384083048,0.27390302716211157,2,0
10.686755895614624,0.2939905073758853,0.26621972712450703,2,0
10.717146396636963,0.2744056019312672,0.2950744997528182,2,0
10.745118618011475,0.30289125723337973,0.2950744997528182,2,0
10.778310298919678,0.33455432850924116,0.32430295653472996,2,0
10.811494588851929,0.2727272644628102,0.27390302716211157,2,0
10.841300010681152,0.3123475140211149,0.3340948808421692,2,0
10.880306959152222,0.3449991055184174,0.33455432850924116,2,0
10.9279146194458,0.3123475140211149,0.2950744997528182,2,0
10.956298112869263,0.3225806347554634,0.30398390717083434,2,0
10.982795476913452,0.3123475140211149,0.30398390717083434,2,0
11.01470947265625,0.3224129297145704,0.3044019461920399,2,0
11.050050735473633,0.3123475140211149,0.3044019461920399,2,0
11.08346676826477,0.3123475140211149,0.30398390717083434,2,0
11.113776206970215,0.34374998925781286,0.3024752928603212,2,0
11.14474368095398,0.30303029384756686,0.3134469988829825,2,0
11.177098274230957,0.3123475140211149,0.3139053666478518,2,0
11.224111795425415,0.34374998925781286,0.3118914210482765,2,0
11.263107299804688,0.3044019461920399,0.3118914210482765,2,0
11.295624732971191,0.30303029384756686,0.3134469988829825,2,0
11.325122594833374,0.2727272644628102,0.3123475140211149,2,0
11.358112335205078,0.2727272644628102,0.28070227894344885,2,0
11.390122413635254,0.27260213151004176,0.28070227894344885,2,0
11.416320562362671,0.2811127626190034,0.2811127626190034,2,0
11.455003261566162,0.27260213151004176,0.2811127626190034,2,0
11.480721712112427,0.24987801121689193,0.25145490259743125,2,0
11.537633180618286,0.24987801121689193,0.24951313683862122,2,0
11.564567565917969,0.24987801121689193,0.24198023428825696,2,0
11.595970869064331,0.2600728222008299,0.24951313683862122,2,0
11.627626180648804,0.24987801121689193,0.24951313683862122,2,0
11.656067132949829,0.25793034377165636,0.24198023428825696,2,0
11.686930179595947,0.24987801121689193,0.24198023428825696,2,0
11.719242572784424,0.25793034377165636,0.21125006772398242,2,0
11.755395889282227,0.25793034377165636,0.21173270500222485,2,0
11.7866952419281,0.24987801121689193,0.20716769154667453,2,0
11.81838059425354,0.2256890508001993,0.20552707079566362,2,0
11.869921922683716,0.24951313683862122,0.19967426118910794,2,0
11.897621631622314,0.22054053881714503,0.2078826813699622,2,0
11.9295175075531,0.2508456094927266,0.19999999428571447,2,0
11.96785020828247,0.24253561774017235,0.23519240590070822,2,0
11.996873140335083,0.21718611471071622,0.1999184115825143,2,0
12.03167200088501,0.21705093481012083,0.19967426118910794,2,0
12.063947439193726,0.20824296357310648,0.20716769154667453,2,0
12.09698486328125,0.20699176733158078,0.2065480901596728,2,0
12.122539520263672,0.20104817723350862,0.22886046459804324,2,0
12.17218804359436,0.20842893384389424,0.2340822877474497,2,0
12.203110933303833,0.20699176733158078,0.2007239057780463,2,0
12.236603021621704,0.2344604499989842,0.24999999309802984,2,0
12.265764474868774,0.26213475211645954,0.24999999309802984,2,0
12.297266960144043,0.26213475211645954,0.24999999309802984,2,0
12.334553241729736,0.23608833458369188,0.22258185054332785,2,0
12.363152027130127,0.23608833458369188,0.21663657452078874,2,0
12.397304058074951,0.2655925733581419,0.22317801495935363,2,0
12.423955917358398,0.237553219339162,0.21718611553083983,2,0
12.439874172210693,0.25830019657744446,0.25066959441335684,2,0
12.474093914031982,0.22703829819970708,0.24393959907853532,2,0
12.506800651550293,0.23884508904545046,0.24244759976695995,2,0
12.568583488464355,0.24155390896881626,0.2365147428369671,2,0
12.604043960571289,0.272411711076445,0.2627941587077412,2,0
12.632315158843994,0.272411711076445,0.26234161118439,2,0
12.669233083724976,0.272411711076445,0.210235326966193,2,0
12.697423696517944,0.28079556434588354,0.23046637797757358,2,0
12.729770183563232,0.3032909865113411,0.2556549897465093,2,0
12.744266271591187,0.3032909865113411,0.2560737533084151,2,0
12.776787519454956,0.3077623478778239,0.2560737533084151,2,0
12.81432294845581,0.3333333232738063,0.288575772302829,2,0
12.839790344238281,0.34870520953147754,0.2556549897465093,2,0
12.873075723648071,0.3374067940587564,0.2897657805362159,2,0
12.905773401260376,0.3032909865113411,0.28122048872116023,2,0
12.974084377288818,0.3340948808421692,0.2897657805362159,2,0
13.003278493881226,0.3333333232738063,0.2636500562647576,2,0
13.03277063369751,0.34786027201963166,0.288575772302829,2,0
13.086965084075928,0.3374067940587564,0.30678598769581117,2,0
13.097630023956299,0.34870520953147754,0.3060865886882916,2,0
13.110738754272461,0.3679770755503485,0.3151429251859585,2,0
13.142592906951904,0.3679770755503485,0.3140543453349504,2,0
13.17603325843811,0.3679770755503485,0.31480993342126795,2,0
13.210267543792725,0.3679770755503485,0.29754680746406653,2,0
13.242399215698242,0.34870520953147754,0.26987628279168124,2,0
13.27539324760437,0.3381776581749175,0.2627941587077412,2,0
13.307337760925293,0.3381776581749175,0.26987628279168124,2,0
13.3839111328125,0.3340948808421692,0.2980880973410642,2,0
13.407704591751099,0.30398390717083434,0.27122230751468446,2,0
13.41859483718872,0.33455432850924116,0.29686391107084936,2,0
13.455815315246582,0.33455432850924116,0.3050850994623378,2,0
13.488202571868896,0.35765488850587945,0.29686391107084936,2,0
13.513140678405762,0.32430295653472996,0.30669727354213183,2,0
13.5462486743927,0.32430295653472996,0.2870221672537604,2,0
13.580849885940552,0.30398390717083434,0.24999999305555576,2,0
13.617157459259033,0.26587525462399564,0.24999999305555576,2,0
13.641105651855469,0.2653040933911048,0.2571428497959186,2,0
13.688752174377441,0.27327867481403906,0.22847818466573064,2,0
13.719110012054443,0.24330749933375292,0.22857142204081654,2,0
13.755038022994995,0.24386337735319974,0.2571428497959186,2,0
13.782819271087646,0.27327867481403906,0.2371252209168626,2,0
13.815141201019287,0.24330749933375292,0.2571428497959186,2,0
13.855393409729004,0.24386337735319974,0.23035021479852386,2,0
13.880197763442993,0.27327867481403906,0.22847818466573064,2,0
13.913187026977539,0.27327867481403906,0.23025625182980922,2,0
13.946038007736206,0.26587525462399564,0.22386524678998374,2,0
13.979029417037964,0.27327867481403906,0.24990359822408958,2,0
14.031031131744385,0.27390302716211157,0.22857142204081654,2,0
14.063759565353394,0.27390302716211157,0.2571428497959186,2,0
14.08879828453064,0.27390302716211157,0.24999999305555576,2,0
14.120341777801514,0.27390302716211157,0.24999999305555576,2,0
14.155053615570068,0.2653040933911048,0.257037957748947,2,0
14.18770432472229,0.2653040933911048,0.257037957748947,2,0
14.21833348274231,0.24386337735319974,0.2571428497959186,2,0
14.256781101226807,0.27327867481403906,0.2586197447263342,2,0
14.286906242370605,0.27390302716211157,0.2586197447263342,2,0
14.329938650131226,0.27390302716211157,0.2776706646934329,2,0
14.367238283157349,0.27390302716211157,0.24990359822408958,2,0
14.392005443572998,0.27390302716211157,0.24999999305555576,2,0
14.423350811004639,0.27390302716211157,0.24990359822408958,2,0
14.460776567459106,0.27390302716211157,0.24999999305555576,2,0
14.49514627456665,0.27327867481403906,0.2571428497959186,2,0
14.521073818206787,0.27327867481403906,0.2571428497959186,2,0
14.560225486755371,0.24386337735319974,0.24990359822408958,2,0
14.587998390197754,0.27390302716211157,0.257037957748947,2,0
14.638087034225464,0.27390302716211157,0.251538469072193,2,0
14.669404745101929,0.27390302716211157,0.24990359822408958,2,0
14.700673341751099,0.23671603128677765,0.251441481036165,2,0
14.730740547180176,0.23671603128677765,0.24999999305555576,2,1
14.764745950698853,0.24386337735319974,0.22847818466573064,2,1
14.798882007598877,0.15811387810551575,0.14562684025510203,2,1
14.824467420578003,0.1278520740246652,0.11775496106577309,3,1
14.862492799758911,0.09805806452844053,0.11775496106577309,3,1
14.891490459442139,0.1278520740246652,0.11775496106577309,3,1
14.943608522415161,0.1380788751152178,0.11780301450898989,3,1
14.968465566635132,0.1273024327737743,0.11453070864130423,3,1
15.003121137619019,0.1278520740246652,0.12422599529926624,3,1
15.03269338607788,0.13399000070397354,0.11780301450898989,3,1
15.0645592212677,0.13399000070397354,0.11780301450898989,3,0
15.099079847335815,0.09763650893258093,0.12422599529926624,3,0
15.126355409622192,0.1380788751152178,0.11780301450898989,3,0
15.16333270072937,0.1574341401317042,0.14163942699870438,3,0
15.198993921279907,0.16134532660893433,0.1415848137624093,3,0
15.2426016330719,0.15811387810551575,0.14568626765447193,3,0
15.263854265213013,0.1886184531548705,0.14568626765447193,3,0
15.275991439819336,0.1886184531548705,0.17135863849929797,3,0
15.313498973846436,0.19530572814801436,0.17135863849929797,3,0
15.369876861572266,0.23453250713114507,0.19634280994130246,3,0
15.40483546257019,0.2270382973034895,0.19634280994130246,3,0
15.434392213821411,0.23453250713114507,0.1666023988160597,3,0
15.470192193984985,0.22475644745728282,0.194369465285403,3,0
15.499445915222168,0.2559426670720622,0.1999184115825143,3,0
15.544522285461426,0.26638448528535136,0.201948092162913,3,0
15.564906358718872,0.26638448528535136,0.194369465285403,3,0
15.57776403427124,0.2568645113797518,0.194369465285403,3,0
15.611607551574707,0.22000615341355534,0.1999184115825143,3,0
15.641332149505615,0.2270382973034895,0.2057933551631197,3,0
15.682229280471802,0.22000615341355534,0.22857142204081654,3,0
15.704648971557617,0.22000615341355534,0.20797257658508528,3,0
15.768501996994019,0.2133947934482077,0.19999999428571447,3,0
15.800348997116089,0.24330749933375292,0.19999999428571447,3,0
15.831721782684326,0.24386337735319974,0.22857142204081654,3,0
15.844208002090454,0.24386337735319974,0.23529411072664383,3,0
15.885821342468262,0.27390302716211157,0.25872528226891817,3,0
15.913731813430786,0.24885895504138963,0.23035021479852386,3,0
15.945461750030518,0.23671603128677765,0.23035021479852386,3,0
15.980682373046875,0.24386337735319974,0.23035021479852386,3,0
16.010666847229004,0.26587525462399564,0.2647058745674743,3,0
16.04827880859375,0.2583039053200596,0.23035021479852386,3,0
16.081058263778687,0.2870221672537604,0.25872528226891817,3,0
16.106529712677002,0.3155817343315865,0.287139295256617,3,0
16.13773012161255,0.3193079701802024,0.3141575039153796,3,0
16.18493676185608,0.34404554956419275,0.34404554956419275,3,0
16.217411041259766,0.3193079701802024,0.3141575039153796,3,0
16.246150493621826,0.35416453601846354,0.3248635497742268,3,0
16.279573917388916,0.34758642037171483,0.34271727699859594,3,0
16.310967445373535,0.3248635497742268,0.3155817343315865,3,0
16.341881275177002,0.31943827337316216,0.3155817343315865,3,0
16.376609802246094,0.34758642037171483,0.34404554956419275,3,0
16.412266731262207,0.3193079701802024,0.34404554956419275,3,0
16.440953969955444,0.31943827337316216,0.3154530042730717,3,0
16.487040042877197,0.3155817343315865,0.3155817343315865,3,0
16.519160270690918,0.3155817343315865,0.3068155752881024,3,0
16.5554358959198,0.3154530042730717,0.34404554956419275,3,0
16.586963891983032,0.3154530042730717,0.3154530042730717,3,0
16.622472763061523,0.3193079701802024,0.3154530042730717,3,0
16.653422117233276,0.3155817343315865,0.3068155752881024,3,0
16.687732219696045,0.31943827337316216,0.3155817343315865,3,0
16.711851835250854,0.34404554956419275,0.34404554956419275,3,0
16.750300407409668,0.3439052087303959,0.3439052087303959,3,0
16.80073857307434,0.3193079701802024,0.3154530042730717,3,0
16.83255648612976,0.34404554956419275,0.34404554956419275,3,0
16.857187747955322,0.34758642037171483,0.35416453601846354,3,0
16.895799160003662,0.3439052087303959,0.34404554956419275,3,0
16.921911239624023,0.3193079701802024,0.34404554956419275,3,0
16.955293893814087,0.3154530042730717,0.34404554956419275,3,0
16.98624610900879,0.3154530042730717,0.3155817343315865,3,0
17.025787115097046,0.31044524080603336,0.35416453601846354,3,0
17.05715823173523,0.30669727354213183,0.3155817343315865,3,0
17.100739240646362,0.3154530042730717,0.34404554956419275,3,0
17.12840461730957,0.31044524080603336,0.34404554956419275,3,0
17.163602352142334,0.33780094299204283,0.34404554956419275,3,0
17.19178605079651,0.34404554956419275,0.34404554956419275,3,0
17.223439931869507,0.3344887290084324,0.34404554956419275,3,0
17.261866331100464,0.33435975706620946,0.34758642037171483,3,0
17.291183948516846,0.33435975706620946,0.34404554956419275,3,0
17.321457147598267,0.33435975706620946,0.35416453601846354,3,1
17.358614206314087,0.33780094299204283,0.35401144998338563,3,1
17.405051231384277,0.33780094299204283,0.34404554956419275,3,1
17.44127893447876,0.33780094299204283,0.3725258410822702,4,1
17.465860843658447,0.3155817343315865,0.3155817343315865,4,1
17.501142024993896,0.20761369353860198,0.21417646195184173,4,1
17.530128002166748,0.14939074689820853,0.154232742067447,4,1
17.566773653030396,0.15388117393891196,0.154232742067447,4,1
17.60137438774109,0.1310243525773405,0.12471375816027398,4,1
17.626506805419922,0.15777421336850736,0.15903404420473452,4,1
17.663862705230713,0.14939074689820853,0.12471375816027398,4,1
17.705292224884033,0.15777421336850736,0.12471375816027398,4,1
17.725414037704468,0.1310243525773405,0.13527106326996702,4,1
17.773740530014038,0.1310243525773405,0.12471375816027398,4,1
17.801300764083862,0.12442947752069482,0.12471375816027398,4,1
17.83376169204712,0.15388117393891196,0.12488526466493538,4,0
17.863093852996826,0.15777421336850736,0.12121539148397029,4,0
17.903897047042847,0.15777421336850736,0.154232742067447,4,0
17.92854905128479,0.18529641641602912,0.15444484311296547,4,0
17.963479042053223,0.17821238675068513,0.17882744425293973,4,0
17.99353814125061,0.2352223055999603,0.2371252209168626,4,0
18.01025152206421,0.2352223055999603,0.2371252209168626,4,0
18.040959358215332,0.2586197447263342,0.23519240590070822,4,0
18.07356572151184,0.2583039053200596,0.25872528226891817,4,0
18.104612588882446,0.26298653257287036,0.2663348491706638,4,0
18.174702405929565,0.26587525462399564,0.2571428497959186,4,0
18.20853066444397,0.2944406118217589,0.24990359822408958,4,0
18.23421359062195,0.2653040933911048,0.2776706646934329,4,0
18.265501737594604,0.24386337735319974,0.22386524678998374,4,0
18.30194878578186,0.27390302716211157,0.24315444556189178,4,0
18.312523126602173,0.25145490259743125,0.2161372849439038,4,0
18.345831871032715,0.29075088485789174,0.2161372849439038,4,0
18.38690996170044,0.25145490259743125,0.251441481036165,4,0
18.415230751037598,0.28242969388731226,0.21781931252939996,4,0
18.44333028793335,0.25953325146643147,0.2447401322539807,4,0
18.47432231903076,0.2599376140742931,0.251538469072193,4,0
18.506279468536377,0.29017163674311336,0.251538469072193,4,0
18.56879425048828,0.26607603324553847,0.21789885217296479,4,0
18.60397982597351,0.2855322339082174,0.21781931252939996,4,0
18.611918687820435,0.2756981972170437,0.19611612969890127,4,0
18.65509843826294,0.2590816139801211,0.22360679154824242,4,0
18.686277151107788,0.2590816139801211,0.19634280994130246,4,0
18.71482825279236,0.3197442940114204,0.2559997037627171,4,0
18.745949506759644,0.333333319444445,0.2586197447263342,4,0
18.77987837791443,0.4090908904958686,0.27104585527740666,4,0
18.80816912651062,0.45276923426840915,0.27104585527740666,4,0
18.84099841117859,0.4499999775000011,0.279251941178848,4,0
18.873988389968872,0.4765991927125381,0.2998126667841365,4,0
18.904436111450195,0.47368418559556913,0.30888968622593094,4,0
18.955655813217163,0.4730294732429959,0.2742796989222904,4,0
18.99265742301941,0.44943853005114087,0.279251941178848,4,0
19.020427703857422,0.475940451322844,0.3090314763076998,4,0
19.05703330039978,0.47368418559556913,0.2879701791642582,4,0
19.08710551261902,0.4026099190320801,0.279380126603417,4,0
19.11436700820923,0.44776671331726847,0.3045416762599762,4,0
19.14680027961731,0.4219978354664008,0.2742796989222904,4,0
19.17822241783142,0.47108150567365936,0.28811075528694163,4,0
19.207650423049927,0.47108150567365936,0.279380126603417,4,0
19.25566267967224,0.4730294732429959,0.2744056019312672,4,0
19.288114309310913,0.47108150567365936,0.279380126603417,4,0
19.320599794387817,0.4730294732429959,0.279380126603417,4,0
19.361196041107178,0.420470642882663,0.279380126603417,4,0
19.388306617736816,0.420470642882663,0.2744056019312672,4,0
19.414865970611572,0.39950091560101414,0.279380126603417,4,0
19.449557781219482,0.3805211772240486,0.2663348491706638,4,0
19.48127508163452,0.3632612708543552,0.23702272460174528,4,0
19.51364278793335,0.3330443438326332,0.25872528226891817,4,0
19.568886756896973,0.27977625725999283,0.201948092162913,4,0
19.594892978668213,0.2960932731201384,0.23025625182980922,4,0
19.624327659606934,0.24123592256491325,0.20170146302176015,4,0
19.664106130599976,0.2665186329820848,0.20170146302176015,4,0
19.69493556022644,0.25793034377165636,0.2299750513439534,4,0
19.723340272903442,0.22097086221545667,0.22317801495935363,4,0
19.758962392807007,0.22097086221545667,0.22360679154824242,4,0
19.793840646743774,0.25793034377165636,0.19611612969890127,4,0
19.817711353302002,0.2518226165078523,0.20170146302176015,4,0
19.870971202850342,0.22580644432882438,0.19611612969890127,4,0
19.903465747833252,0.22580644432882438,0.20170146302176015,4,0
19.928138256072998,0.22097086221545667,0.20766436621680084,4,0
19.963457584381104,0.22809895431504906,0.22360679154824242,4,0
19.992916107177734,0.2600728222008299,0.22870874361550703,4,0
20.02488684654236,0.25793034377165636,0.20191391360617236,4,0
20.056111574172974,0.25793034377165636,0.20766436621680084,4,0
20.08976435661316,0.22580644432882438,0.20724322532440753,4,0
20.126457929611206,0.22809895431504906,0.22827018379244662,4,0
20.165673971176147,0.25793034377165636,0.20191391360617236,4,0
20.20484232902527,0.22580644432882438,0.19574006775312525,4,0
20.23416781425476,0.2580645078043707,0.190484824308466,4,0
20.277802228927612,0.22580644432882438,0.19574006775312525,4,0
20.303967237472534,0.2208630452510906,0.19574006775312525,4,0
20.330458164215088,0.25793034377165636,0.22827018379244662,4,0
20.363465309143066,0.2208630452510906,0.2221415694481448,4,0
20.39588165283203,0.25194554676103137,0.2221415694481448,4,0
20.428192138671875,0.2256890508001993,0.19647289952339844,4,1
20.462786436080933,0.19008632313162177,0.19611612985508559,4,1
20.473730087280273,0.18999357547194354,0.19611612985508559,4,1
20.504270792007446,0.13272746202909672,0.13803940378258267,5,1
20.568363189697266,0.09877295657981014,0.09954162967451591,5,1
20.604230642318726,0.11261849775668371,0.09688282140823652,5,1
20.63498544692993,0.09877295657981014,0.11400170697519757,5,1
20.66852903366089,0.128784179220815,0.09688282140823652,5,1
20.694770336151123,0.10920899588447035,0.11069432168262168,5,1
20.7272686958313,0.10920899588447035,0.11069432168262168,5,1
20.76294445991516,0.09578262562094307,0.11069432168262168,5,1
20.770226001739502,0.09300816374000635,0.09407208438393415,5,1
20.80707311630249,0.10920899588447035,0.11069432168262168,5,1
20.846956491470337,0.09296796137763293,0.11069432168262168,5,1
20.87162971496582,0.09296796137763293,0.1110349786237226,5,1
20.90450429916382,0.10599978488434285,0.11069432168262168,5,1
20.96919894218445,0.12121539148397029,0.12753607862012148,5,0
21.00453758239746,0.10925912624863221,0.1079024974455715,5,0
21.037481784820557,0.09300816374000635,0.10821795124587427,5,0
21.064684629440308,0.13545708819284238,0.11407173655133969,5,0
21.080181121826172,0.13545708819284238,0.12753607862012148,5,0
21.11199426651001,0.1545157381538499,0.130855977222896,5,0
21.145391702651978,0.18424155902541217,0.14907119468890642,5,0
21.175987482070923,0.2208630452510906,0.1616904125571925,5,0
21.20813298225403,0.2811127626190034,0.21081850528821156,5,0
21.239900827407837,0.24999999218750027,0.21081850528821156,5,0
21.271639823913574,0.27260213151004176,0.23188464599760894,5,0
21.30445170402527,0.27260213151004176,0.23211306631901235,5,0
21.37183380126953,0.24231300578670378,0.21209124591846476,5,0
21.420809745788574,0.24198023428825696,0.21187142422490854,5,0
21.431808471679688,0.24231300578670378,0.21209124591846476,5,0
21.453563451766968,0.2742796989222904,0.21781931252939996,5,0
21.488388776779175,0.27260213151004176,0.21781931252939996,5,0
21.51236581802368,0.26459145663829675,0.2221365317547463,5,0
21.545879125595093,0.26459145663829675,0.21781931252939996,5,0
21.576521396636963,0.23519240590070822,0.2496150813782764,5,0
21.607285737991333,0.24231300578670378,0.21781931252939996,5,0
21.639484405517578,0.23519240590070822,0.21781931252939996,5,0
21.6706702709198,0.24987801121689193,0.21781931252939996,5,0
21.728819131851196,0.24386337735319974,0.21758121520192428,5,0
21.755688667297363,0.24987801121689193,0.2511511886853118,5,0
21.78808617591858,0.2812499912109378,0.24465079473479984,5,0
21.81855583190918,0.2811127626190034,0.21789885217296479,5,0
21.85800313949585,0.25145490259743125,0.251538469072193,5,0
21.882280826568604,0.24951313683862122,0.21789885217296479,5,0
21.91383123397827,0.24987801121689193,0.21781931252939996,5,0
21.946452856063843,0.2674082010178199,0.22360679154824242,5,0
21.976186275482178,0.2681466950837981,0.22386524678998374,5,0
22.00928044319153,0.26607603324553847,0.2221365317547463,5,0
22.064650535583496,0.2773500885714814,0.22360679154824242,5,0
22.093318462371826,0.27520835699405727,0.2221365317547463,5,0
22.12320303916931,0.2681466950837981,0.23025625182980922,5,0
22.15982723236084,0.24253561671742996,0.201948092162913,5,0
22.18870782852173,0.24253561671742996,0.201948092162913,5,0
22.214940071105957,0.20098012446804625,0.16890047149602141,5,0
22.255090951919556,0.20098012446804625,0.17372231758440795,5,0
22.289377450942993,0.20175249120371042,0.17135863849929797,5,0
22.314375162124634,0.23453250713114507,0.17859605217111602,5,0
22.365079164505005,0.20863702638461137,0.20552707079566362,5,0
22.400336503982544,0.24146599494606655,0.17882744425293973,5,0
22.424445867538452,0.20863702638461137,0.20761369353860198,5,0
22.460634231567383,0.23453250713114507,0.20203050313814208,5,0
22.493296146392822,0.23281652908984618,0.201948092162913,5,0
22.520348072052002,0.23518020927392191,0.20203050313814208,5,0
22.55508780479431,0.2599376140742931,0.20222526908486804,5,0
22.586990356445312,0.21864325981478044,0.201948092162913,5,0
22.615766525268555,0.2256890508001993,0.20214729519977553,5,0
22.670534372329712,0.2600728222008299,0.1735101591751551,5,0
22.703697204589844,0.21874999316406274,0.16415933407814048,5,0
22.733065128326416,0.21874999316406274,0.17541159899636344,5,0
22.764952659606934,0.21874999316406274,0.18550353225588678,5,0
22.792912006378174,0.2120238800633658,0.1598514461768692,5,0
22.82531499862671,0.21417646195184173,0.18642450638457725,5,0
22.855745315551758,0.21417646195184173,0.1812498537526983,5,0
22.8912136554718,0.2057933551631197,0.18642450638457725,5,0
22.922247648239136,0.20588234688581333,0.18642450638457725,5,0
22.969646215438843,0.2371252209168626,0.1812498537526983,5,0
23.006142616271973,0.20203050313814208,0.18642450638457725,5,0
23.034847021102905,0.20203050313814208,0.18660814573457665,5,0
23.066601753234863,0.22906141728260845,0.18194589347295698,5,0
23.09662127494812,0.20222526908486804,0.21137183563594597,5,0
23.128405809402466,0.22278921386448425,0.211441308712667,5,0
23.164949655532837,0.2170055535323623,0.2170055535323623,5,0
23.194813013076782,0.21137183563594597,0.196759721419481,5,0
23.225563526153564,0.18194589347295698,0.19641854487352586,5,0
23.27473282814026,0.19033485253759927,0.194369465285403,5,0
23.293548345565796,0.201067301816181,0.19641854487352586,5,0
23.306488752365112,0.18177566494144434,0.19641854487352586,5,0
23.338738679885864,0.23020103400489297,0.22386524678998374,5,0
23.406773328781128,0.22486693249819403,0.251538469072193,5,0
23.437490701675415,0.2304166117280385,0.251538469072193,5,0
23.465843200683594,0.25487133445684,0.251538469072193,5,0
23.496662139892578,0.2304166117280385,0.251538469072193,5,0
23.529887199401855,0.24865870258964567,0.2790555643802964,5,0
23.579628229141235,0.2248000774567238,0.24324323666910172,5,0
23.596466064453125,0.24865870258964567,0.27151910384662475,5,0
23.61549663543701,0.254950969305865,0.251538469072193,5,0
23.640443086624146,0.27269121011726194,0.29686391107084936,5,0
23.673933029174805,0.24873265313299797,0.30669727354213183,5,0
23.707029342651367,0.24873265313299797,0.29841429268501124,5,0
23.769909620285034,0.25456590862453177,0.2777777700617286,5,0
23.806961059570312,0.2967201161921054,0.29852326266659457,5,0
23.835121631622314,0.2780915603146297,0.29852326266659457,5,0
23.888021230697632,0.30169064817469105,0.29056679318505696,5,0
23.904465198516846,0.27269121011726194,0.29852326266659457,5,0
23.912863969802856,0.27269121011726194,0.2716182526892605,5,0
23.94326663017273,0.27269121011726194,0.29852326266659457,5,0
23.974973917007446,0.24873265313299797,0.29841429268501124,5,0
24.007238149642944,0.27261013647091287,0.2906673875399967,5,0
24.040478467941284,0.27269121011726194,0.29056679318505696,5,0
24.07885456085205,0.2780915603146297,0.2644704041223812,5,0
24.10733461380005,0.2780915603146297,0.29056679318505696,5,0
24.13579821586609,0.27269121011726194,0.2831213223060281,5,0
24.16909408569336,0.27269121011726194,0.2893734953581045,5,0
24.21545386314392,0.27269121011726194,0.29056679318505696,5,0
24.247463703155518,0.27261013647091287,0.2832143777941765,5,0
24.279738187789917,0.27269121011726194,0.29056679318505696,5,0
24.31306028366089,0.27800888109367533,0.29056679318505696,5,0
24.344305276870728,0.27261013647091287,0.3086573788322355,5,0
24.380767107009888,0.27269121011726194,0.2760477670759605,5,0
24.408523559570312,0.27269121011726194,0.2831213223060281,5,0
24.44099521636963,0.26612314137170473,0.2831213223060281,5,0
24.471959829330444,0.26612314137170473,0.30094582606554643,5,0
24.52175283432007,0.27139341817458673,0.2757894968555135,5,0
24.55557417869568,0.30160095272427145,0.28284270523175953,5,1
24.58425807952881,0.2896553516890735,0.30066426122746115,5,1
24.61645221710205,0.2780915603146297,0.2791597583319343,5,1
24.647041082382202,0.2780915603146297,0.2757894968555135,6,1
24.680408000946045,0.18986108740263027,0.1860807269943355,6,1
24.71342968940735,0.14873134785822734,0.14946245833002572,6,1
24.74392580986023,0.13425206238585163,0.16211479756117153,6,1
24.777656316757202,0.14536552651435297,0.13803577616515664,6,1
24.825822591781616,0.14536552651435297,0.13803577616515664,6,1
24.860485315322876,0.16723540413280927,0.16211479756117153,6,1
24.889752626419067,0.16723540413280927,0.16211479756117153,6,1
24.920705556869507,0.1674958549991606,0.1764705835929386,6,1
24.95531964302063,0.16723540413280927,0.172005224628055,6,1
24.987122774124146,0.16723540413280927,0.172005224628055,6,1
25.02232551574707,0.18986108740263027,0.18660814573457665,6,0
25.047524213790894,0.16723540413280927,0.18200274268194438,6,0
25.08207678794861,0.18986108740263027,0.18194589347295698,6,0
25.13024139404297,0.17977265770127743,0.18194589347295698,6,0
25.16745901107788,0.17110760482700954,0.15806449161875766,6,0
25.19534420967102,0.21300186065274299,0.22459986954527061,6,0
25.224360466003418,0.2546328769013486,0.26231645661225855,6,0
25.262968063354492,0.2611450130077107,0.25972711217106637,6,0
25.296923398971558,0.26140225655028115,0.23690757642353366,6,0
25.32238745689392,0.29056679318505696,0.23365485669251046,6,0
25.361432552337646,0.26410486089699026,0.25972711217106637,6,0
25.38681983947754,0.2752208864421335,0.23346563691419583,6,0
25.433194160461426,0.28284270462997385,0.23346563691419583,6,0
25.466479301452637,0.2787333912230719,0.23921495210338298,6,0
25.49660897254944,0.2866716413842487,0.2207973821139836,6,0
25.527878999710083,0.2583039053200596,0.21536036843314907,6,0
25.56428074836731,0.27390302716211157,0.2155433165306804,6,0
25.593839645385742,0.27390302716211157,0.22459986954527061,6,0
25.62600064277649,0.27390302716211157,0.1965819650514224,6,0
25.66117262840271,0.24330749933375292,0.2207973821139836,6,0
25.688498497009277,0.27327867481403906,0.22610217150835868,6,0
25.737733840942383,0.2653040933911048,0.23188464599760894,6,0
25.760438919067383,0.2653040933911048,0.23188464599760894,6,0
25.80827021598816,0.26587525462399564,0.2569300848871355,6,0
25.83534049987793,0.29878149379641705,0.2560737533084151,6,0
25.865050315856934,0.2653040933911048,0.2573509370583166,6,0
25.897425889968872,0.2653040933911048,0.23188464599760894,6,0
25.930054903030396,0.272411711076445,0.23150543946412142,6,0
25.964874029159546,0.24159696871496172,0.23150543946412142,6,0
25.993638277053833,0.27735008976913567,0.2365147428369671,6,0
26.042142391204834,0.2557041480493304,0.23797023191514055,6,0
26.063035011291504,0.2565690594248793,0.23188464599760894,6,0
26.07855200767517,0.28079556434588354,0.21187142422490854,6,0
26.10824155807495,0.24999999224782934,0.210235326966193,6,0
26.137781381607056,0.2508456094927266,0.2064532601746661,6,0
26.208404779434204,0.2508456094927266,0.18414676977333924,6,0
26.229424476623535,0.2568645113797518,0.21045345116953054,6,0
26.263551235198975,0.2568645113797518,0.21052631024930765,6,0
26.299365043640137,0.25953325146643147,0.21045345116953054,6,0
26.327338933944702,0.26607603324553847,0.21045345116953054,6,0
26.34249973297119,0.2568645113797518,0.21052631024930765,6,0
26.37963318824768,0.2897202416644181,0.21052631024930765,6,0
26.408267974853516,0.24951313683862122,0.21052631024930765,6,0
26.440168142318726,0.2897202416644181,0.23211306631901235,6,0
26.474254846572876,0.3118914210482765,0.26306681396191317,6,0
26.50831913948059,0.3118914210482765,0.25632600135520595,6,0
26.53907823562622,0.28242969388731226,0.26306681396191317,6,0
26.60853934288025,0.2508456094927266,0.24465079473479984,6,0
26.681516885757446,0.27222776357428907,0.2368420990304711,6,0
26.69600772857666,0.3024752928603212,0.2368420990304711,6,0
26.70882248878479,0.28070227894344885,0.24324323666910172,6,0
26.71655583381653,0.3134469988829825,0.2368420990304711,6,0
26.744466304779053,0.28070227894344885,0.2368420990304711,6,0
26.775914907455444,0.28070227894344885,0.23829960262731092,6,0
26.80892539024353,0.28070227894344885,0.2368420990304711,6,0
26.841428518295288,0.3118914210482765,0.25632600135520595,6,0
26.874228477478027,0.3123475140211149,0.25632600135520595,6,0
26.90908694267273,0.32191137962713123,0.23676013256572187,6,0
26.93952965736389,0.28897257530222076,0.2121646720035231,6,0
26.98635482788086,0.23217533668156098,0.1860807269943355,6,0
27.01782250404358,0.20778320278791335,0.13153340698095659,6,0
27.056070804595947,0.20250792691894784,0.11453070864130423,6,0
27.081095933914185,0.16994370824461863,0.11448654796664881,6,0
27.114312887191772,0.2316205165764265,0.16870547377834672,6,0
27.14578938484192,0.3253956690809264,0.20800313375078242,6,0
27.177876234054565,0.5326696826745726,0.2908979869044239,6,0
27.208902597427368,0.5317504936352595,0.2908979869044239,6,0
27.239670753479004,0.5284981665287521,0.3189180152684953,6,0
27.290631771087646,0.4730294732429959,0.29942472701675843,6,0
27.323274612426758,0.49937614450126766,0.2908979869044239,6,0
27.362170934677124,0.4999999750000012,0.2790555643802964,6,0
27.387274742126465,0.4499999775000011,0.31506775723912,6,0
27.418833017349243,0.4472135706930124,0.26330809763090973,6,0
27.457711219787598,0.4992301489104,0.29125368051020406,6,0
27.488764762878418,0.47398049614762805,0.2860902746670028,6,0
27.520991802215576,0.49999997512407146,0.3049390098751821,6,0
27.554653882980347,0.407834017001468,0.2852822714936978,6,0
27.593910932540894,0.3555193963008788,0.24999999309802984,6,0
27.626445531845093,0.4050158538378957,0.275136734979353,6,0
27.65601897239685,0.33176362975598467,0.2609090183354229,6,0
27.696242332458496,0.30462231319008376,0.2609090183354229,6,0
27.724018812179565,0.2611601223797408,0.21550897757063106,6,0
27.754966259002686,0.24892523214315318,0.22317801495935363,6,0
27.790008068084717,0.24155390896881626,0.24244759976695995,6,0
27.818660497665405,0.26451061645937324,0.24288865451251312,6,0
27.855257749557495,0.26827765492065203,0.24913643266466842,6,0
27.898351669311523,0.26827765492065203,0.24913643266466842,6,0
27.931009531021118,0.26827765492065203,0.21718611553083983,6,0
27.965656280517578,0.23995482929872355,0.24913643266466842,6,0
27.995956420898438,0.2346020036129296,0.25066959441335684,6,0
28.02969241142273,0.22886046459804324,0.24244759976695995,6,0
28.061877250671387,0.2332380691968432,0.24244759976695995,6,0
28.093260049819946,0.26827765492065203,0.21550897757063106,6,0
28.128156900405884,0.26827765492065203,0.23756043270341498,6,0
28.161850452423096,0.2635008161754835,0.236107450065951,6,0
28.202937602996826,0.2607680888324706,0.23756043270341498,6,0
28.234426259994507,0.2635008161754835,0.23756043270341498,6,0
28.265548944473267,0.26451061645937324,0.26234161118439,6,0
28.296557903289795,0.26171195386598184,0.2636500562647576,6,0
28.330066919326782,0.26171195386598184,0.23008949077185836,6,0
28.364882469177246,0.26171195386598184,0.26234161118439,6,0
28.399341106414795,0.2607680888324706,0.2556549897465093,6,0
28.426135301589966,0.28425340003113764,0.28057937296426727,6,0
28.464053630828857,0.28948813379765936,0.28057937296426727,6,0
28.4930899143219,0.2607680888324706,0.2569300848871355,6,0
28.511291980743408,0.28948813379765936,0.2556549897465093,6,0
28.537340879440308,0.2619113536827742,0.2569300848871355,6,0
28.60218858718872,0.25366353599765556,0.24929982125707387,6,0
28.635425329208374,0.25366353599765556,0.2556549897465093,6,0
28.671217918395996,0.25453208400634497,0.2556549897465093,6,0
28.70423412322998,0.26171195386598184,0.24929982125707387,6,0
28.72995924949646,0.28154624541284107,0.24929982125707387,6,0
28.762927055358887,0.25453208400634497,0.2505432196001262,6,0
28.79185724258423,0.27745576776572806,0.2556549897465093,6,1
28.806025743484497,0.24999999309802984,0.2556549897465093,6,1
28.840306520462036,0.25453208400634497,0.24875929136437866,6,1
28.8816499710083,0.28154624541284107,0.2736352205008165,7,1
28.911513566970825,0.28058551611318544,0.2736352205008165,7,1
28.937750577926636,0.1831858210559931,0.1557635831617257,7,1
29.001537084579468,0.09109750111055866,0.08318903089234292,7,1
29.033401250839233,0.118776609669581,0.08318903089234292,7,1
29.06689715385437,0.12883132156885013,0.10846522605596788,7,1
29.10065746307373,0.12222310620661311,0.10846522605596788,7,1
29.11172842979431,0.118776609669581,0.10846522605596788,7,1
29.148351192474365,0.118776609669581,0.10846522605596788,7,1
29.17628526687622,0.118776609669581,0.10846522605596788,7,1
29.21176528930664,0.09428090134729296,0.10835280741473481,7,1
29.24090337753296,0.10688100584578362,0.10835280741473481,7,0
29.27407956123352,0.09109750111055866,0.11764705572862574,7,0
29.311609268188477,0.10386713205420041,0.10522672558476527,7,0
29.342116355895996,0.09109750111055866,0.10846522605596788,7,0
29.401835680007935,0.1516496608651337,0.15591701965846175,7,0
29.455488920211792,0.1994737767460245,0.18550353225588678,7,0
29.467592477798462,0.22594479027733924,0.183639127829073,7,0
29.49406361579895,0.25366353599765556,0.20485900264673207,7,0
29.514195919036865,0.2607680888324706,0.20987328894751198,7,0
29.545165061950684,0.24914691008876863,0.23008949077185836,7,0
29.575817346572876,0.25366353599765556,0.23046637797757358,7,0
29.61166286468506,0.25453208400634497,0.2365147428369671,7,0
29.63929796218872,0.26171195386598184,0.2365147428369671,7,0
29.67483353614807,0.26171195386598184,0.24288865451251312,7,0
29.71165418624878,0.2903080492081682,0.2365147428369671,7,0
29.76119351387024,0.2577800680379252,0.2627941587077412,7,0
29.787790298461914,0.2852822714936978,0.2556549897465093,7,0
29.81937527656555,0.26451061645937324,0.2365147428369671,7,0
29.85556697845459,0.28948813379765936,0.26987628279168124,7,0
29.88127326965332,0.2903080492081682,0.28907357457851535,7,0
29.91179347038269,0.28948813379765936,0.2627941587077412,7,0
29.946419715881348,0.2852822714936978,0.2627941587077412,7,0
29.974940299987793,0.28948813379765936,0.288575772302829,7,0
30.01197910308838,0.26451061645937324,0.26234161118439,7,0
30.05751943588257,0.26930576123179045,0.27072980247747175,7,0
30.090145587921143,0.26171195386598184,0.288575772302829,7,0
30.12203025817871,0.28948813379765936,0.26234161118439,7,0
30.15955948829651,0.293559992792255,0.2636500562647576,7,0
30.1865336894989,0.26171195386598184,0.26234161118439,7,0
30.217750787734985,0.2570520212239191,0.288575772302829,7,0
30.25569248199463,0.26930576123179045,0.26234161118439,7,0
30.281607389450073,0.28948813379765936,0.288575772302829,7,0
30.312862157821655,0.26171195386598184,0.26234161118439,7,0
30.3467218875885,0.293559992792255,0.26987628279168124,7,0
30.39948558807373,0.26171195386598184,0.2365147428369671,7,0
30.42668890953064,0.26451061645937324,0.2627941587077412,7,0
30.462977409362793,0.2852822714936978,0.26234161118439,7,0
30.489436626434326,0.26171195386598184,0.26234161118439,7,0
30.522664070129395,0.26171195386598184,0.24288865451251312,7,0
30.55522394180298,0.26171195386598184,0.26234161118439,7,0
30.58676505088806,0.26171195386598184,0.26234161118439,7,0
30.618483543395996,0.28948813379765936,0.2693862219632888,7,0
30.656414270401,0.26171195386598184,0.26234161118439,7,1
30.697916984558105,0.2570520212239191,0.26410486089699026,7,1
30.73091459274292,0.28948813379765936,0.2627941587077412,7,1
30.76522970199585,0.28948813379765936,0.26234161118439,8,1
30.794381856918335,0.28948813379765936,0.26234161118439,8,1
30.82598114013672,0.28948813379765936,0.2636500562647576,8,1
30.863757610321045,0.28948813379765936,0.27122230751468446,8,1
30.889176845550537,0.18949047621793993,0.13883533234671644,8,1
30.920948266983032,0.12664017871065394,0.08780717398441476,8,1
30.95519256591797,0.09712858325244571,0.11448654796664881,8,1
31.00421452522278,0.09712858325244571,0.11448654796664881,8,1
31.038448333740234,0.09712858325244571,0.11775496106577309,8,1
31.071142196655273,0.10070743360666705,0.11448654796664881,8,1
31.09603476524353,0.12664017871065394,0.11775496106577309,8,1
31.12907886505127,0.13130642867807396,0.14699525368794264,8,1
31.169419765472412,0.1305800611898704,0.12121539148397029,8,0
31.19421696662903,0.1623858573813226,0.14997115775357728,8,0
31.22674298286438,0.13130642867807396,0.14990633339206824,8,0
31.256630659103394,0.16313208172017832,0.14990633339206824,8,0
31.27310562133789,0.1770631223312728,0.14680505056833118,8,0
31.30319333076477,0.20098012446804625,0.17616606068199742,8,0
31.337955713272095,0.24154306694723096,0.2120238800633658,8,0
31.4013249874115,0.2049560887043799,0.2120238800633658,8,0
31.438719511032104,0.25110097155905575,0.21832399473379357,8,0
31.465988397598267,0.25906387058405406,0.21388233072292004,8,0
31.495286464691162,0.25906387058405406,0.1871348526289659,8,0
31.52956795692444,0.26028959356628445,0.21832399473379357,8,0
31.566101551055908,0.2688016550669295,0.21864325981478044,8,0
31.6171932220459,0.25906387058405406,0.2256890508001993,8,0
31.625672340393066,0.2324104008269913,0.22533796573899187,8,0
31.64537739753723,0.2312319269205124,0.2256890508001993,8,0
31.67239260673523,0.24857727965271423,0.22533796573899187,8,0
31.704128742218018,0.25110097155905575,0.2681466950837981,8,0
31.73849129676819,0.2585242731214534,0.22533796573899187,8,0
31.80247402191162,0.2585242731214534,0.22533796573899187,8,0
31.835753440856934,0.2937591021490782,0.25793034377165636,8,0
31.870534658432007,0.2593431673608044,0.23557141586775102,8,0
31.91981315612793,0.21757130980348788,0.20264619429121608,8,0
31.930129289627075,0.21668943531112897,0.2023096656545431,8,0
31.94469141960144,0.21757130980348788,0.20264619429121608,8,0
31.97740864753723,0.18525529483921324,0.20264619429121608,8,0
32.01227617263794,0.20925338524354842,0.2436850810163472,8,0
32.0425169467926,0.2504433851706349,0.20264619429121608,8,0
32.08412146568298,0.21757130980348788,0.2436850810163472,8,0
32.11236095428467,0.21693045037800313,0.20264619429121608,8,0
32.13852071762085,0.1695908607022954,0.20962583296282528,8,0
32.21732711791992,0.18525529483921324,0.20962583296282528,8,0
32.23533773422241,0.21757130980348788,0.20640626774554294,8,0
32.25469374656677,0.16912379604489344,0.1754115978270634,8,0
